"","Airport","Airline","Age","Gender","Nationality","TripPurpose","TripDuration","FlyingCompanion","ProvinceResidence","GroupTravel","NoTripsLastYear","Destination","DepartureTime","SeatClass","Airfare","NoTransport","ModeTransport","AccessCost","AccessTime","Occupation","Income"
"1","ICN","Korean","<=50","1","1","Leisure",5,1,"1","2",0,"3","2","1",40,1,"5",1500,90,"2","80~150"
"2","ICN","Korean","<=50","1","1","Leisure",5,5,"1","1",2,"3","4","1",70,1,"1",6000,60,"2","30~80"
"3","ICN","Korean",">50","2","1","Leisure",5,6,"1","2",0,"3","4","1",70,1,"1",6579,56,"9","<=30"
"4","ICN","Korean","<=50","1","4","Leisure",5,3,"1","2",1,"3","3","1",52,1,"5",1500,50,"2","30~80"
"5","ICN","Korean","<=50","1","1","Leisure",5,3,"1","2",2,"3","4","1",52,1,"5",900,10,"1","80~150"
"6","ICN","Korean","<=50","1","1","Leisure",6,2,"1","2",1,"3","3","1",48,1,"1",3,90,"5","30~80"
"7","ICN","Foreign","<=50","2","1","Leisure",3,4,"1","2",1,"4","1","1",43,1,"6",10000,60,"2","<=30"
"8","ICN","Korean","<=50","2","1","Leisure",6,2,"1","2",2,"3","3","1",48,1,"1",11655,60,"5","80~150"
"9","ICN","Korean","<=50","2","4","Leisure",15,4,"1","2",1,"3","3","1",70,1,"1",6579,56,"2","30~80"
"10","ICN","Korean","<=50","2","1","Leisure",5,4,"1","2",1,"3","2","3",80,2,"3",1000,56,"12","0"
"11","ICN","Foreign","<=50","2","1","Leisure",30,2,"1","2",0,"4","3","1",108,2,"3",1050,56,"12","0"
"12","ICN","Korean","<=50","1","1","Leisure",16,2,"1","1",3,"4","2","1",100,1,"3",1300,40,"1","80~150"
"13","ICN","Korean","<=50","1","1","Leisure",40,0,"1","2",2,"4","4","1",100,1,"6",10000,120,"8","80~150"
"14","ICN","Foreign","<=50","2","1","Leisure",30,2,"1","2",0,"4","3","1",108,2,"3",1050,8,"12","0"
"15","ICN","Korean","<=50","1","1","Business",3,2,"1","2",4,"3","3","1",59,1,"1",0,15,"5","80~150"
"16","ICN","Korean",">50","1","1","Leisure",7,9,"1","2",3,"3","3","1",50,2,"3",6579,56,"12","0"
"17","ICN","Korean","<=50","2","4","Leisure",4,4,"1","2",2,"3","3","1",52,1,"5",3700,100,"5","30~80"
"18","ICN","Korean","<=50","2","1","Leisure",4,4,"1","2",0,"3","3","1",52,1,"5",6579,56,"8","0"
"19","ICN","Korean",">50","2","1","Leisure",7,2,"1","1",3,"1","3","2",26,1,"4",10000,65,"7","80~150"
"20","ICN","Foreign","<=50","1","1","Leisure",2,3,"1","2",0,"2","2","1",20,2,"2",1050,40,"12","0"
"21","ICN","Foreign","<=50","2","5","Leisure",5,1,"1","2",12,"2","2","1",19,2,"5",6579,56,"12","0"
"22","ICN","Foreign","<=50","2","2","Leisure",20,1,"1","2",2,"1","3","1",30,1,"5",6900,43,"2","<=30"
"23","ICN","Korean","<=50","1","1","Leisure",4,3,"1","2",3,"2","2","1",48,1,"2",3000,5,"2","30~80"
"24","ICN","Korean","<=50","2","1","Leisure",5,1,"1","2",4,"2","1","1",60,1,"6",13000,60,"9","30~80"
"25","ICN","Korean","<=50","1","1","Business",3,2,"1","2",2,"2","2","1",27,1,"5",1150,30,"2","30~80"
"26","ICN","Korean","<=50","1","1","Leisure",4,3,"1","1",1,"3","2","1",52,2,"3",6579,56,"12","0"
"27","ICN","Korean","<=50","1","1","Business",30,0,"1","2",5,"1","2","1",54,1,"2",3000,15,"3","30~80"
"28","ICN","Korean","<=50","1","1","Business",99,0,"1","2",6,"1","2","1",20,1,"1",6579,56,"1","150~200>"
"29","ICN","Foreign","<=50","1","1","Leisure",5,3,"1","1",2,"3","2","1",40,2,"2",13300,45,"12","0"
"30","ICN","Korean","<=50","2","1","Leisure",7,3,"1","2",3,"3","3","1",60,1,"3",3000,15,"2","30~80"
"31","ICN","Korean","<=50","1","1","Business",15,1,"1","2",80,"1","2","2",26,2,"2",13000,45,"12","0"
"32","ICN","Korean",">50","2","1","Leisure",6,4,"1","1",0,"1","3","1",26,2,"5",6579,56,"12","0"
"33","ICN","Korean","<=50","2","1","Leisure",5,4,"1","2",4,"3","2","1",60,1,"6",15000,60,"12","30~80"
"34","ICN","Korean","<=50","2","1","Leisure",5,4,"1","2",0,"3","2","1",53,1,"6",13000,60,"3","0"
"35","ICN","Korean","<=50","1","1","Leisure",6,2,"1","2",2,"3","2","1",23,1,"6",14000,60,"2","150~200>"
"36","ICN","Korean","<=50","2","1","Leisure",3,12,"1","1",0,"3","3","1",52,1,"6",15000,160,"5","0"
"37","ICN","Korean","<=50","1","1","Leisure",5,1,"1","2",0,"3","3","1",62,1,"6",10000,60,"2","80~150"
"38","ICN","Korean","<=50","1","1","Leisure",4,3,"1","2",2,"3","3","2",52,2,"8",8501,90,"2","80~150"
"39","ICN","Korean","<=50","2","1","Leisure",5,3,"1","1",0,"3","2","1",50,2,"2",2400,10,"12","0"
"40","ICN","Korean","<=50","1","1","Business",10,0,"1","2",2,"3","3","1",55,1,"6",9000,40,"2","0"
"41","ICN","Foreign",">50","2","1","Leisure",12,2,"1","2",2,"4","4","2",71,1,"1",11655,60,"9","150~200>"
"42","ICN","Korean","<=50","1","1","Leisure",6,2,"1","1",4,"4","3","1",117,1,"2",11000,30,"2","30~80"
"43","ICN","Korean","<=50","2","1","Leisure",6,2,"1","2",0,"3","3","1",52,1,"3",6579,56,"2","30~80"
"44","ICN","Korean","<=50","1","1","Leisure",6,2,"1","2",1,"3","3","1",52,1,"3",6579,56,"2","30~80"
"45","ICN","Korean","<=50","2","1","Leisure",4,4,"1","1",1,"3","3","1",52,1,"5",6579,56,"9","30~80"
"46","ICN","Foreign","<=50","2","1","Leisure",5,2,"1","2",2,"3","1","1",56,2,"2",3300,10,"12","0"
"47","ICN","Korean","<=50","1","2","Business",10,2,"1","2",4,"1","3","2",49,1,"1",10000,56,"1","30~80"
"48","ICN","Korean","<=50","1","1","Business",6,2,"1","2",0,"4","2","1",222,2,"1",3794,15,"12","0"
"49","ICN","Korean","<=50","1","4","Leisure",5,2,"1","2",3,"3","4","1",50,1,"6",15000,60,"2","30~80"
"50","ICN","Foreign","<=50","1","4","Leisure",5,2,"1","1",1,"3","4","1",30,2,"1",7000,40,"12","0"
"51","ICN","Korean","<=50","2","1","Leisure",5,2,"1","2",0,"3","3","1",52,2,"5",1050,25,"12","0"
"52","ICN","Korean","<=50","1","1","Leisure",5,2,"1","2",1,"3","3","1",52,1,"7",6900,40,"12","30~80"
"53","ICN","Korean","<=50","2","1","Business",5,1,"1","2",5,"3","2","1",60,1,"7",8000,56,"2","80~150"
"54","ICN","Korean","<=50","1","1","Leisure",9,0,"1","2",2,"3","2","1",60,1,"7",6579,56,"8","0"
"55","ICN","Korean",">50","2","1","Leisure",5,4,"1","1",2,"3","2","1",70,1,"2",9000,15,"8","0"
"56","ICN","Korean",">50","2","5","Leisure",7,3,"1","2",2,"3","3","1",50,2,"1",6579,56,"12","0"
"57","ICN","Korean","<=50","2","4","Business",5,2,"1","2",3,"3","3","1",76,1,"6",24000,90,"2","150~200>"
"58","ICN","Korean","<=50","2","1","Leisure",6,2,"1","2",0,"3","3","1",36,1,"2",2500,10,"7","30~80"
"59","ICN","Korean","<=50","1","1","Leisure",6,1,"1","2",1,"3","3","1",40,1,"6",11000,20,"1","30~80"
"60","ICN","Korean","<=50","2","1","Leisure",5,1,"1","2",3,"3","3","1",31,2,"3",1050,15,"12","0"
"61","ICN","Korean","<=50","2","4","Leisure",5,2,"1","2",3,"3","3","1",31,1,"2",4300,15,"2","150~200>"
"62","ICN","Korean",">50","2","1","Leisure",30,1,"1","2",3,"3","3","1",50,2,"2",10000,56,"12","0"
"63","ICN","Korean","<=50","2","1","Leisure",6,3,"1","2",2,"3","2","1",50,1,"6",15000,56,"2","80~150"
"64","ICN","Korean","<=50","2","1","Leisure",7,1,"1","2",2,"3","3","1",56,2,"2",2700,5,"12","0"
"65","ICN","Korean","<=50","1","1","Leisure",5,2,"1","2",2,"1","2","1",28,2,"1",7000,20,"12","0"
"66","ICN","Korean","<=50","2","1","Leisure",60,2,"1","2",2,"3","2","1",52,2,"2",5000,15,"12","0"
"67","ICN","Foreign","<=50","2","1","Leisure",10,1,"1","2",3,"3","3","1",53,2,"5",1200,30,"12","0"
"68","ICN","Korean","<=50","2","1","Leisure",5,2,"1","2",1,"3","4","1",58,2,"1",6579,56,"12","0"
"69","ICN","Korean","<=50","1","1","Business",5,0,"1","2",7,"3","4","2",52,1,"6",15000,70,"1","150~200>"
"70","ICN","Foreign","<=50","1","1","Leisure",10,0,"1","2",3,"3","3","1",53,2,"5",1200,30,"12","0"
"71","ICN","Korean","<=50","1","1","Leisure",16,0,"1","2",3,"3","2","1",69,1,"2",4000,10,"7","80~150"
"72","ICN","Korean",">50","2","1","Leisure",60,2,"1","2",0,"3","3","1",52,2,"2",5000,15,"12","0"
"73","ICN","Korean",">50","1","1","Business",60,0,"1","2",1,"3","3","1",82,1,"2",4000,20,"2","80~150"
"74","ICN","Korean",">50","2","1","Leisure",5,2,"1","2",1,"3","4","1",58,2,"1",6579,56,"12","0"
"75","ICN","Korean",">50","2","1","Leisure",7,3,"1","2",0,"3","3","1",50,2,"1",6579,56,"12","0"
"76","ICN","Korean","<=50","1","1","Leisure",12,1,"1","2",5,"3","2","1",30,1,"5",2000,30,"2","80~150"
"77","ICN","Korean","<=50","1","1","Leisure",5,6,"1","1",3,"3","3","2",50,1,"5",6579,56,"5","150~200>"
"78","ICN","Foreign","<=50","1","1","Leisure",7,1,"1","2",2,"1","3","1",50,2,"5",1000,56,"12","0"
"79","ICN","Foreign","<=50","1","1","Leisure",3,3,"1","2",2,"2","2","1",20,1,"1",6579,56,"2","80~150"
"80","ICN","Korean","<=50","1","5","Leisure",4,0,"1","2",6,"3","3","1",50,1,"2",5900,10,"4","80~150"
"81","ICN","Foreign","<=50","2","4","Leisure",6,0,"1","2",0,"3","4","1",27,2,"3",1100,25,"12","0"
"82","ICN","Korean","<=50","2","4","Business",100,1,"1","2",2,"3","3","1",56,1,"6",16000,60,"8","80~150"
"83","ICN","Korean","<=50","1","1","Business",5,3,"1","2",2,"3","1","1",40,1,"2",6000,20,"2","80~150"
"84","ICN","Korean","<=50","2","1","Leisure",10,0,"1","2",1,"1","2","1",57,1,"5",4500,80,"3","30~80"
"85","ICN","Korean","<=50","2","1","Leisure",37,10,"1","2",2,"2","4","1",52,1,"5",1200,60,"8","30~80"
"86","ICN","Foreign","<=50","1","1","Business",365,1,"1","2",1,"1","3","1",53,1,"5",4500,80,"8","30~80"
"87","ICN","Korean","<=50","2","1","Leisure",5,2,"1","2",1,"3","3","1",52,2,"5",6579,56,"12","0"
"88","ICN","Foreign",">50","2","1","Leisure",7,4,"1","1",1,"3","4","1",50,1,"1",8501,90,"7","30~80"
"89","ICN","Korean","<=50","1","1","Leisure",10,5,"1","2",3,"3","4","1",40,1,"1",1500,50,"1","30~80"
"90","ICN","Korean","<=50","1","1","Business",180,0,"1","2",0,"1","3","1",26,2,"5",6579,56,"8","30~80"
"91","ICN","Korean","<=50","2","1","Leisure",6,2,"1","1",0,"4","3","1",117,1,"2",11000,30,"2","30~80"
"92","ICN","Korean","<=50","2","1","Leisure",4,4,"1","2",1,"3","3","1",52,1,"6",15000,60,"2","30~80"
"93","ICN","Korean","<=50","2","1","Leisure",5,7,"1","2",2,"3","3","1",70,1,"1",6579,56,"7","30~80"
"94","ICN","Korean",">50","1","1","Leisure",6,8,"2","1",1,"1","3","1",78,1,"1",4550,39,"7","30~80"
"95","ICN","Korean","<=50","2","1","Leisure",5,2,"2","2",0,"3","4","1",52,1,"5",1300,50,"5","30~80"
"96","ICN","Korean","<=50","2","1","Leisure",7,2,"2","2",0,"3","3","1",52,1,"5",2300,30,"9","80~150"
"97","ICN","Korean","<=50","1","1","Leisure",3,3,"2","2",1,"3","3","1",30,1,"5",4550,39,"2","30~80"
"98","ICN","Korean","<=50","1","1","Leisure",3,3,"2","2",3,"3","3","1",30,2,"3",1100,39,"12","0"
"99","ICN","Foreign",">50","1","1","Business",5,1,"2","2",3,"1","3","1",53,1,"5",4550,39,"2","80~150"
"100","ICN","Korean","<=50","1","1","Leisure",7,1,"2","2",2,"3","3","1",30,1,"8",8000,39,"2","30~80"
"101","ICN","Foreign","<=50","1","4","Leisure",6,2,"2","2",1,"3","4","1",30,1,"6",2300,30,"5","80~150"
"102","ICN","Korean",">50","1","1","Leisure",7,1,"2","2",0,"1","3","1",26,1,"1",4550,39,"2","80~150"
"103","ICN","Korean","<=50","1","1","Leisure",6,8,"2","1",0,"1","3","1",78,1,"1",3175,60,"8","30~80"
"104","ICN","Foreign","<=50","1","1","Business",14,2,"2","2",6,"1","3","1",34,1,"2",4550,39,"5","30~80"
"105","ICN","Korean","<=50","1","1","Business",7,0,"3","2",3,"3","2","1",80,1,"6",8000,40,"1","80~150"
"106","ICN","Korean","<=50","2","1","Leisure",4,4,"3","2",1,"2","1","1",41,1,"6",8000,50,"9","30~80"
"107","ICN","Korean","<=50","1","1","Leisure",10,2,"3","2",1,"1","1","1",49,2,"4",1000,20,"12","0"
"108","ICN","Korean","<=50","1","1","Business",7,2,"3","2",2,"2","2","1",40,1,"1",1630,76,"8","150~200>"
"109","ICN","Korean","<=50","2","1","Business",4,0,"3","2",2,"1","2","1",40,1,"6",8000,50,"1","30~80"
"110","ICN","Korean","<=50","1","1","Business",40,1,"3","2",4,"1","2","1",34,1,"6",8000,50,"1","30~80"
"111","ICN","Korean","<=50","2","1","Business",40,1,"3","2",0,"1","2","1",34,1,"6",8000,50,"9","30~80"
"112","ICN","Korean",">50","1","1","Leisure",7,1,"3","2",0,"2","1","1",56,1,"6",8000,50,"2","30~80"
"113","ICN","Korean","<=50","2","1","Leisure",4,1,"3","2",0,"3","3","1",34,2,"2",2400,5,"12","0"
"114","ICN","Korean","<=50","2","1","Leisure",5,2,"3","2",4,"2","2","1",54,2,"3",1100,10,"12","0"
"115","ICN","Foreign","<=50","1","1","Leisure",7,1,"3","1",10,"4","2","1",80,1,"6",8000,50,"1","30~80"
"116","ICN","Korean",">50","1","1","Business",4,2,"3","2",8,"2","3","2",27,1,"5",1500,76,"5","30~80"
"117","ICN","Korean","<=50","2","1","Leisure",5,2,"3","2",2,"3","2","1",40,2,"2",3000,5,"12","0"
"118","ICN","Korean","<=50","2","1","Leisure",4,1,"3","2",2,"3","2","1",29,2,"2",2700,10,"12","0"
"119","ICN","Korean","<=50","2","1","Leisure",6,5,"3","2",1,"3","3","1",38,2,"3",1100,20,"12","0"
"120","ICN","Korean","<=50","1","1","Leisure",6,5,"3","2",1,"3","3","1",38,1,"1",1630,76,"2","0"
"121","ICN","Foreign","<=50","2","1","Leisure",5,2,"3","2",5,"3","2","1",53,1,"6",10000,60,"9","30~80"
"122","ICN","Foreign","<=50","1","4","Business",30,0,"3","2",0,"4","4","1",39,3,"3",1100,15,"12","0"
"123","ICN","Korean",">50","1","1","Leisure",5,3,"3","2",2,"1","2","1",28,2,"2",4000,10,"12","0"
"124","ICN","Korean","<=50","2","1","Business",21,1,"3","2",1,"1","3","1",49,1,"6",8000,50,"8","0"
"125","ICN","Korean","<=50","1","1","Business",4,1,"3","2",50,"3","3","2",53,1,"6",5500,40,"12","80~150"
"126","ICN","Korean","<=50","2","1","Business",4,0,"3","2",100,"3","1","2",40,2,"2",8000,10,"12","0"
"127","ICN","Korean","<=50","1","1","Leisure",5,4,"3","2",4,"3","3","1",30,1,"6",12000,75,"2","30~80"
"128","ICN","Korean","<=50","2","1","Leisure",10,2,"3","2",2,"1","2","1",48,2,"2",5000,10,"12","0"
"129","ICN","Korean","<=50","2","1","Leisure",5,2,"3","2",2,"2","2","1",54,1,"6",8000,50,"3","30~80"
"130","ICN","Korean","<=50","2","1","Business",3,5,"3","2",20,"3","3","1",60,1,"6",6000,40,"12","30~80"
"131","ICN","Korean","<=50","1","1","Leisure",7,9,"3","1",2,"3","3","1",45,1,"6",11000,90,"2","80~150"
"132","ICN","Korean",">50","2","1","Leisure",7,9,"3","2",0,"3","3","1",45,2,"2",1050,20,"12","0"
"133","ICN","Korean","<=50","1","1","Leisure",6,1,"3","2",3,"2","2","1",17,2,"4",2000,60,"12","0"
"134","ICN","Korean","<=50","1","1","Leisure",6,5,"3","2",0,"3","3","1",38,2,"3",1100,20,"12","0"
"135","ICN","Korean","<=50","1","1","Leisure",5,2,"3","2",3,"3","3","1",52,1,"5",1200,40,"4","80~150"
"136","ICN","Korean","<=50","1","1","Leisure",6,1,"3","2",1,"3","2","1",40,2,"5",1050,60,"12","0"
"137","ICN","Korean","<=50","2","1","Leisure",5,0,"3","2",1,"3","2","1",40,1,"5",1050,60,"2","0"
"138","ICN","Korean","<=50","1","1","Leisure",5,10,"3","2",0,"3","2","3",52,1,"7",4300,53,"2","30~80"
"139","ICN","Foreign",">50","2","1","Leisure",5,26,"3","1",2,"3","3","1",3,2,"2",2500,76,"12","0"
"140","ICN","Korean",">50","2","1","Leisure",5,2,"3","2",1,"3","3","1",52,1,"6",1630,76,"11","<=30"
"141","ICN","Korean",">50","1","1","Leisure",5,2,"3","2",1,"3","3","1",52,1,"6",12642,120,"11","<=30"
"142","ICN","Foreign",">50","2","1","Leisure",5,26,"3","1",2,"3","3","1",3,2,"2",2500,76,"12","0"
"143","ICN","Korean","<=50","2","1","Leisure",5,1,"3","2",2,"3","2","1",50,1,"6",12000,100,"2","80~150"
"144","ICN","Korean","<=50","1","1","Business",9,1,"3","2",1,"4","3","1",100,2,"8",3000,60,"12","0"
"145","ICN","Korean","<=50","2","1","Leisure",5,4,"3","1",2,"1","3","1",41,1,"6",12000,90,"3","30~80"
"146","ICN","Korean","<=50","1","1","Business",9,2,"3","2",1,"4","3","1",120,1,"6",1630,76,"2","30~80"
"147","ICN","Korean","<=50","1","1","Leisure",6,1,"3","2",1,"3","3","1",40,1,"6",10000,60,"2","30~80"
"148","ICN","Korean","<=50","2","1","Leisure",7,2,"3","2",2,"3","1","1",52,1,"1",1630,76,"3","0"
"149","ICN","Korean","<=50","1","1","Business",60,1,"3","2",10,"1","3","1",30,2,"3",1050,30,"12","0"
"150","ICN","Korean","<=50","1","1","Leisure",7,2,"3","2",0,"3","3","1",56,2,"3",2000,60,"12","0"
"151","ICN","Korean",">50","2","1","Leisure",5,2,"3","2",2,"1","2","1",28,2,"3",2000,30,"12","0"
"152","ICN","Korean","<=50","1","4","Leisure",7,2,"3","2",1,"3","2","1",70,2,"2",10000,20,"12","0"
"153","ICN","Foreign","<=50","2","1","Leisure",20,2,"3","1",3,"1","3","1",35,2,"4",4157,60,"12","0"
"154","ICN","Foreign",">50","2","1","Leisure",6,12,"3","1",1,"3","1","3",40,2,"2",8500,30,"12","0"
"155","ICN","Korean","<=50","2","1","Leisure",5,3,"3","2",1,"2","2","1",11,1,"1",30000,90,"7","80~150"
"156","ICN","Korean",">50","1","1","Leisure",4,11,"3","1",1,"3","2","1",52,1,"1",1630,76,"12","0"
"157","ICN","Foreign","<=50","2","1","Leisure",15,3,"3","2",2,"3","1","1",40,1,"5",1630,76,"2","30~80"
"158","ICN","Korean","<=50","2","1","Leisure",4,2,"3","2",2,"2","4","1",48,1,"5",1630,76,"12","0"
"159","ICN","Korean","<=50","2","1","Leisure",10,3,"3","1",1,"3","3","1",100,2,"5",20,76,"12","0"
"160","ICN","Korean","<=50","2","1","Leisure",3,2,"3","2",1,"3","3","1",52,1,"6",1630,76,"12","30~80"
"161","ICN","Korean","<=50","2","2","Leisure",20,1,"3","1",0,"1","3","1",52,1,"1",17667,90,"3","30~80"
"162","ICN","Korean","<=50","2","1","Leisure",4,2,"3","2",4,"3","3","1",50,1,"1",4157,60,"5","80~150"
"163","ICN","Korean","<=50","2","1","Business",99,1,"3","2",1,"2","4","1",30,2,"3",1050,20,"12","0"
"164","ICN","Korean","<=50","2","1","Leisure",15,1,"3","2",1,"2","3","1",36,2,"3",1050,30,"12","0"
"165","ICN","Korean",">50","2","1","Leisure",3,6,"3","1",1,"1","3","1",26,1,"9",1630,76,"9","<=30"
"166","ICN","Foreign",">50","2","1","Leisure",7,4,"3","1",1,"3","4","1",50,1,"1",17667,90,"2","30~80"
"167","ICN","Korean","<=50","2","1","Leisure",4,3,"3","1",1,"3","3","1",52,1,"5",1630,76,"12","30~80"
"168","ICN","Korean",">50","2","1","Leisure",3,4,"3","1",1,"1","3","1",26,1,"5",12642,120,"9","<=30"
"169","ICN","Foreign","<=50","2","1","Leisure",4,3,"3","2",3,"3","3","1",20,3,"2",1630,76,"12","0"
"170","ICN","Korean","<=50","1","1","Leisure",5,1,"4","2",3,"3","2","1",52,2,"8",10600,60,"1","30~80"
"171","ICN","Korean","<=50","1","1","Business",15,1,"4","2",3,"1","2","1",26,3,"2",11000,10,"12","0"
"172","ICN","Korean","<=50","1","1","Leisure",5,2,"4","2",1,"3","2","2",75,2,"8",10600,155,"12","0"
"173","ICN","Korean","<=50","2","1","Leisure",5,2,"4","2",1,"3","2","2",75,2,"8",14000,40,"12","0"
"174","ICN","Korean","<=50","1","1","Leisure",5,1,"4","2",1,"3","3","1",35,2,"8",10600,155,"12","0"
"175","ICN","Korean","<=50","1","4","Business",150,0,"4","2",0,"3","4","1",50,1,"4",10600,155,"8","0"
"176","ICN","Korean",">50","1","1","Leisure",5,2,"4","2",0,"1","4","1",49,1,"7",6800,65,"12","0"
"177","ICN","Korean",">50","2","1","Leisure",5,1,"5","1",2,"3","3","1",52,2,"10",90000,60,"12","0"
"178","ICN","Korean","<=50","1","1","Leisure",5,2,"5","2",1,"3","3","1",52,2,"2",7500,30,"12","0"
"179","ICN","Korean","<=50","2","1","Leisure",45,2,"5","2",1,"4","2","1",140,2,"7",17900,180,"12","0"
"180","ICN","Korean","<=50","2","1","Leisure",6,2,"5","2",1,"3","3","1",40,2,"2",7500,10,"12","0"
"181","ICN","Korean",">50","1","4","Business",140,1,"5","2",10,"3","3","1",52,2,"10",50000,60,"12","0"
"182","ICN","Korean","<=50","2","1","Leisure",5,2,"5","2",122,"3","2","1",64,2,"8",48000,90,"12","0"
"183","ICN","Korean","<=50","1","1","Business",180,1,"5","2",4,"2","3","1",67,2,"8",50000,311,"12","0"
"184","ICN","Korean","<=50","1","2","Business",30,1,"5","2",12,"1","3","1",48,3,"4",52000,311,"2","30~80"
"185","ICN","Foreign","<=50","1","1","Business",8,10,"5","2",5,"1","2","2",120,3,"1",6050,10,"12","0"
"186","ICN","Korean","<=50","1","1","Leisure",5,1,"5","2",10,"3","2","1",65,3,"1",1800,30,"12","0"
"187","ICN","Foreign","<=50","1","1","Leisure",0,5,"5","2",0,"3","2","2",30,3,"2",10000,30,"12","0"
"188","ICN","Foreign","<=50","1","1","Leisure",6,5,"5","2",5,"3","2","1",41,3,"5",1100,30,"12","0"
"189","ICN","Korean","<=50","1","1","Business",150,0,"5","2",3,"4","4","1",150,2,"2",4600,10,"12","0"
"190","ICN","Korean","<=50","1","1","Leisure",5,1,"5","2",1,"3","3","1",64,1,"8",8000,40,"4","<=30"
"191","ICN","Korean","<=50","1","4","Business",180,1,"5","2",2,"3","3","1",52,2,"2",52000,311,"12","0"
"192","ICN","Foreign","<=50","1","4","Leisure",4,4,"5","1",2,"3","3","1",50,1,"8",56000,311,"3","30~80"
"193","ICN","Korean","<=50","2","1","Leisure",5,2,"5","1",1,"3","3","1",52,2,"8",38000,120,"5","30~80"
"194","ICN","Korean","<=50","2","4","Leisure",6,2,"5","2",1,"3","3","1",45,2,"8",24000,110,"12","0"
"195","ICN","Korean",">50","2","1","Leisure",6,1,"5","1",2,"1","3","2",66,2,"8",50000,311,"12","0"
"196","ICN","Korean","<=50","1","1","Leisure",5,2,"5","2",1,"3","3","1",45,2,"8",24000,65,"12","0"
"197","ICN","Korean",">50","2","1","Leisure",6,1,"5","2",1,"3","2","1",52,1,"8",50000,180,"7","30~80"
"198","ICN","Korean","<=50","1","1","Business",90,1,"5","2",4,"1","2","1",45,2,"1",10000,60,"12","0"
"199","ICN","Korean","<=50","1","1","Business",100,0,"6","2",0,"4","3","1",110,1,"7",1200,15,"12","0"
"200","ICN","Korean","<=50","2","1","Leisure",7,1,"6","2",1,"3","3","1",24,1,"1",1200,290,"8","150~200>"
"201","ICN","Korean","<=50","2","4","Business",7,1,"6","2",2,"3","3","1",24,3,"8",1200,290,"12","0"
"202","ICN","Foreign","<=50","1","1","Business",2,1,"6","2",3,"3","2","1",60,3,"2",1200,290,"12","0"
"203","ICN","Foreign","<=50","1","1","Leisure",5,1,"7","2",0,"3","2","1",61,3,"8",6000,120,"12","0"
"204","ICN","Foreign","<=50","2","1","Leisure",5,1,"7","2",2,"3","2","1",61,3,"8",6000,120,"12","0"
"205","ICN","Korean","<=50","1","5","Business",90,1,"8","2",4,"1","3","1",37,1,"5",8400,180,"2","30~80"
"206","ICN","Korean","<=50","1","2","Business",15,1,"8","2",7,"1","2","1",52,1,"6",8000,40,"1","30~80"
"207","ICN","Korean","<=50","2","2","Leisure",99,1,"8","2",4,"1","2","1",31,1,"1",8400,34,"9","80~150"
"208","ICN","Korean",">50","1","5","Business",7,2,"8","2",50,"3","3","1",75,1,"8",8400,150,"2","150~200>"
"209","ICN","Korean","<=50","2","1","Leisure",99,1,"8","2",0,"2","2","1",23,1,"1",8400,180,"9","80~150"
"210","ICN","Foreign","<=50","1","1","Leisure",4,2,"8","1",0,"3","3","3",40,1,"5",2700,40,"3","30~80"
"211","ICN","Foreign",">50","2","1","Business",99,0,"8","2",0,"3","4","1",27,1,"6",15000,100,"9","<=30"
"212","ICN","Korean","<=50","2","1","Leisure",15,2,"8","2",0,"2","4","1",27,1,"1",8400,180,"2","30~80"
"213","ICN","Foreign",">50","1","1","Business",5,1,"8","2",2,"1","3","1",53,1,"6",8400,180,"2","0"
"214","ICN","Korean","<=50","1","1","Leisure",365,2,"8","1",0,"2","3","1",48,1,"9",8400,180,"2","0"
"215","ICN","Foreign","<=50","2","1","Leisure",4,2,"8","1",0,"3","3","3",40,1,"5",2700,40,"9","0"
"216","ICN","Korean","<=50","2","1","Leisure",6,2,"8","2",0,"3","3","1",40,3,"5",8400,180,"2","80~150"
"217","ICN","Korean","<=50","1","4","Business",99,0,"8","2",1,"3","4","1",65,2,"1",8400,180,"12","0"
"218","ICN","Korean","<=50","2","5","Leisure",5,8,"8","2",5,"4","3","1",14,1,"5",8400,120,"3","30~80"
"219","ICN","Foreign","<=50","1","5","Leisure",10,1,"8","2",2,"4","2","2",50,1,"8",8400,180,"1","150~200>"
"220","ICN","Korean",">50","2","1","Business",3,0,"8","2",4,"2","3","1",50,1,"2",8400,180,"9","150~200>"
"221","ICN","Korean",">50","2","3","Leisure",8,2,"8","2",1,"2","2","2",260,2,"1",8400,180,"12","80~150"
"222","ICN","Korean","<=50","2","1","Business",10,0,"8","2",3,"1","3","1",45,1,"2",14000,35,"8","150~200>"
"223","ICN","Foreign","<=50","2","1","Leisure",7,2,"8","2",7,"1","3","2",50,1,"5",8400,180,"2","30~80"
"224","ICN","Foreign","<=50","2","1","Leisure",15,1,"8","2",3,"3","2","1",50,2,"2",8000,30,"12","0"
"225","GMP","Foreign","<=50","1","2","Business",50,2,"1","2",2,"1","3","3",67,2,"5",1650,40,"1","<=30"
"226","GMP","Foreign",">50","1","1","Business",3,0,"1","2",5,"1","3","1",50,1,"1",7463,60,"1","80~150"
"227","GMP","Foreign",">50","1","1","Leisure",9,1,"1","2",1,"2","3","1",20,1,"5",4000,60,"10","30~80"
"228","GMP","Foreign",">50","2","1","Leisure",9,1,"1","2",2,"2","3","1",20,1,"5",4000,60,"9","30~80"
"229","GMP","Korean","<=50","1","1","Leisure",365,4,"1","2",2,"2","3","1",36,1,"1",4922,40,"8","150~200>"
"230","GMP","Korean",">50","1","5","Business",3,4,"1","2",4,"2","2","1",35,1,"2",15000,60,"1","30~80"
"231","GMP","Korean","<=50","2","1","Leisure",3,1,"1","2",4,"2","2","1",50,1,"1",4922,40,"2","80~150"
"232","GMP","Korean","<=50","2","3","Leisure",99,2,"1","2",3,"2","3","1",35,1,"2",14000,30,"2","80~150"
"233","GMP","Korean","<=50","1","1","Business",2,2,"1","2",3,"2","3","1",53,1,"2",20000,60,"8","30~80"
"234","GMP","Korean","<=50","2","4","Leisure",99,2,"1","2",4,"2","3","1",36,1,"2",23000,60,"11","30~80"
"235","GMP","Korean","<=50","1","1","Leisure",7,0,"1","2",1,"2","3","1",30,1,"5",1500,30,"8","<=30"
"236","GMP","Korean","<=50","1","1","Business",7,1,"1","2",2,"2","3","1",40,1,"5",1500,20,"2","30~80"
"237","GMP","Korean","<=50","1","3","Leisure",5,1,"1","2",2,"2","3","1",40,1,"5",1200,40,"2","80~150"
"238","GMP","Korean","<=50","1","1","Business",7,1,"1","2",6,"1","2","1",42,1,"1",10000,40,"2","30~80"
"239","GMP","Korean","<=50","1","1","Business",3,0,"1","2",2,"2","2","1",53,1,"2",12000,20,"5","150~200>"
"240","GMP","Korean","<=50","2","1","Leisure",3,11,"1","2",0,"2","2","1",36,1,"1",5999,45,"9","30~80"
"241","GMP","Korean","<=50","1","1","Leisure",3,3,"1","2",4,"3","1","1",30,1,"3",1050,20,"2","30~80"
"242","GMP","Korean","<=50","2","1","Business",2,0,"1","1",1,"1","1","1",50,1,"5",1550,90,"1","30~80"
"243","GMP","Korean","<=50","2","2","Leisure",7,1,"1","2",1,"1","2","1",34,1,"5",1500,60,"2","<=30"
"244","GMP","Korean",">50","1","1","Business",180,1,"1","2",3,"1","2","1",30,1,"3",1000,60,"2","30~80"
"245","GMP","Korean",">50","2","1","Leisure",3,3,"1","2",1,"3","1","1",30,1,"3",4922,40,"7","<=30"
"246","GMP","Foreign",">50","1","1","Business",90,1,"1","2",2,"2","2","2",60,1,"1",4107,20,"12","80~150"
"247","GMP","Korean","<=50","1","1","Business",1,1,"1","2",4,"2","1","1",40,1,"1",7463,60,"8","0"
"248","GMP","Foreign","<=50","2","1","Leisure",4,1,"1","2",3,"2","2","1",45,2,"1",4107,20,"2","80~150"
"249","GMP","Foreign",">50","1","1","Business",1,7,"1","1",0,"2","2","1",66,1,"2",5999,32,"5","0"
"250","GMP","Foreign","<=50","1","1","Business",3,0,"1","2",20,"1","2","1",55,1,"1",4500,15,"5","30~80"
"251","GMP","Foreign","<=50","2","1","Leisure",4,0,"1","2",2,"1","2","1",32,1,"5",2000,20,"4","30~80"
"252","GMP","Korean","<=50","2","1","Business",4,3,"1","2",1,"2","2","1",24,1,"3",1500,40,"5","<=30"
"253","GMP","Korean","<=50","1","1","Business",3,1,"1","2",2,"2","2","1",40,1,"1",2000,90,"8","30~80"
"254","GMP","Korean","<=50","1","1","Business",2,2,"1","2",1,"1","2","1",60,1,"1",1150,50,"1","80~150"
"255","GMP","Korean","<=50","2","1","Business",99,0,"1","2",2,"2","2","1",45,1,"6",10000,60,"8","80~150"
"256","GMP","Korean","<=50","1","1","Leisure",3,10,"1","2",1,"2","2","1",36,1,"1",10000,60,"2","30~80"
"257","GMP","Korean","<=50","2","1","Leisure",5,2,"1","2",2,"2","3","1",20,1,"5",1775,90,"8","30~80"
"258","GMP","Foreign","<=50","1","1","Leisure",5,0,"1","2",0,"2","3","1",33,1,"8",4922,40,"8","30~80"
"259","GMP","Foreign","<=50","1","1","Leisure",365,1,"1","2",1,"2","2","1",45,2,"3",2667,10,"8","<=30"
"260","GMP","Korean",">50","1","1","Leisure",4,1,"1","2",2,"2","2","1",30,1,"1",8456,30,"11","80~150"
"261","GMP","Foreign",">50","2","1","Leisure",4,2,"1","2",2,"1","2","1",55,1,"5",4500,15,"9","30~80"
"262","GMP","Foreign",">50","1","1","Business",30,0,"1","2",3,"2","2","1",40,1,"6",2000,60,"10","30~80"
"263","GMP","Korean","<=50","1","1","Business",2,1,"1","2",5,"2","2","1",53,1,"5",1500,40,"2","80~150"
"264","GMP","Foreign",">50","1","1","Leisure",3,2,"1","2",0,"2","2","1",50,1,"2",15000,30,"3","80~150"
"265","GMP","Foreign",">50","1","1","Business",7,1,"1","2",4,"1","2","1",40,1,"6",6000,40,"2","80~150"
"266","GMP","Korean",">50","2","1","Leisure",7,1,"1","2",2,"2","1","1",100,1,"6",6000,30,"10","80~150"
"267","GMP","Foreign",">50","2","1","Leisure",4,6,"1","1",2,"1","2","1",55,1,"5",4107,20,"9","30~80"
"268","GMP","Korean",">50","1","1","Business",4,2,"1","2",1,"2","2","1",40,1,"3",7000,60,"3","0"
"269","GMP","Korean","<=50","2","1","Leisure",4,3,"1","2",2,"2","2","1",53,1,"9",1775,90,"9","30~80"
"270","GMP","Foreign","<=50","1","1","Leisure",3,2,"1","2",0,"2","2","1",40,2,"2",4500,15,"2","80~150"
"271","GMP","Foreign","<=50","2","1","Business",2,2,"1","2",0,"2","2","1",38,2,"2",3500,10,"9","80~150"
"272","GMP","Foreign","<=50","1","1","Leisure",3,2,"1","2",0,"2","2","1",40,2,"5",1500,10,"1","80~150"
"273","GMP","Korean",">50","1","1","Leisure",7,5,"1","2",0,"2","2","1",40,1,"1",4922,40,"2","80~150"
"274","GMP","Korean",">50","1","1","Business",2,3,"1","2",4,"1","2","2",48,1,"1",7463,60,"1","80~150"
"275","GMP","Korean",">50","1","1","Business",6,1,"1","2",2,"2","2","1",53,1,"5",1150,30,"10","30~80"
"276","GMP","Foreign","<=50","1","1","Leisure",3,1,"1","2",2,"2","2","1",30,1,"2",7000,20,"3","30~80"
"277","GMP","Foreign","<=50","2","1","Leisure",10,0,"1","2",1,"4","2","1",89,1,"5",1150,50,"2","<=30"
"278","GMP","Foreign","<=50","1","1","Leisure",8,1,"1","2",2,"1","2","1",120,1,"1",12000,25,"2","30~80"
"279","GMP","Korean","<=50","2","1","Leisure",4,1,"1","2",4,"3","4","1",34,1,"2",12000,30,"2","<=30"
"280","GMP","Korean","<=50","2","1","Leisure",4,7,"1","1",0,"1","1","1",48,1,"1",4107,20,"9","150~200>"
"281","GMP","Korean","<=50","2","1","Business",7,2,"1","2",3,"2","1","1",40,1,"6",10000,60,"9","30~80"
"282","GMP","Foreign","<=50","2","1","Leisure",8,1,"1","2",1,"1","2","1",120,1,"1",20000,40,"2","80~150"
"283","GMP","Foreign","<=50","1","1","Business",140,0,"1","2",1,"1","1","1",52,1,"1",5999,45,"8","30~80"
"284","GMP","Korean","<=50","1","1","Leisure",3,4,"1","2",3,"3","1","1",39,1,"5",1550,60,"2","30~80"
"285","GMP","Korean","<=50","2","1","Leisure",3,4,"1","2",2,"3","1","1",40,1,"5",1550,60,"2","30~80"
"286","GMP","Foreign","<=50","1","1","Business",3,1,"1","2",3,"2","2","1",45,1,"5",4922,40,"2","30~80"
"287","GMP","Foreign","<=50","2","1","Business",14,0,"1","2",3,"2","2","2",42,1,"1",5999,70,"2","30~80"
"288","GMP","Foreign","<=50","2","2","Business",5,1,"1","2",8,"1","1","2",55,1,"6",4000,20,"1","150~200>"
"289","GMP","Korean","<=50","2","1","Leisure",4,1,"1","2",2,"2","2","1",30,1,"1",8456,30,"4","80~150"
"290","GMP","Korean","<=50","1","3","Business",3,2,"1","2",3,"2","2","1",53,1,"2",15000,30,"5","80~150"
"291","GMP","Korean","<=50","1","3","Business",3,2,"1","2",6,"2","2","1",53,1,"1",7463,60,"5","80~150"
"292","GMP","Korean",">50","2","1","Leisure",3,14,"1","1",1,"1","2","1",44,1,"1",8456,30,"6","30~80"
"293","GMP","Korean","<=50","1","1","Leisure",4,14,"1","1",0,"1","2","1",48,2,"2",4500,15,"2","30~80"
"294","GMP","Korean",">50","2","1","Leisure",4,14,"1","1",1,"1","2","1",44,1,"5",1300,40,"7","80~150"
"295","GMP","Korean",">50","2","1","Leisure",4,14,"1","1",2,"1","2","1",45,1,"1",8456,30,"9","30~80"
"296","GMP","Korean",">50","2","1","Leisure",4,14,"1","1",1,"1","2","1",44,2,"1",5999,5,"9","30~80"
"297","GMP","Korean","<=50","2","1","Business",8,4,"1","2",3,"1","2","1",30,1,"5",3000,10,"8","150~200>"
"298","GMP","Korean","<=50","2","3","Business",7,0,"1","2",0,"2","1","1",60,1,"3",1150,40,"8","80~150"
"299","GMP","Korean","<=50","2","2","Business",4,1,"1","2",6,"1","2","2",50,2,"3",1200,20,"1","80~150"
"300","GMP","Korean","<=50","1","1","Business",180,0,"1","2",0,"1","2","1",48,1,"5",4922,40,"8","30~80"
"301","GMP","Korean","<=50","2","1","Leisure",3,3,"1","2",0,"3","1","1",40,1,"5",1350,60,"2","80~150"
"302","GMP","Foreign","<=50","1","1","Leisure",5,1,"1","2",0,"2","2","1",40,1,"5",8456,30,"2","30~80"
"303","GMP","Foreign",">50","2","3","Business",365,2,"1","2",6,"2","2","1",40,1,"5",4500,15,"1","80~150"
"304","GMP","Korean",">50","2","1","Leisure",4,6,"1","1",0,"1","2","1",60,2,"2",2667,10,"12","0"
"305","GMP","Korean",">50","2","1","Leisure",3,6,"1","1",2,"1","2","1",60,2,"2",2667,10,"11","30~80"
"306","GMP","Korean",">50","2","1","Leisure",10,7,"1","1",0,"1","2","1",60,2,"2",2667,10,"9","30~80"
"307","GMP","Foreign",">50","1","1","Business",6,1,"1","2",2,"1","3","1",55,1,"5",8456,30,"2","30~80"
"308","GMP","Korean",">50","2","1","Business",4,2,"1","2",2,"2","3","1",36,1,"5",3000,30,"9","30~80"
"309","GMP","Korean",">50","2","1","Leisure",4,2,"1","2",1,"2","3","1",36,1,"5",4922,40,"9","80~150"
"310","GMP","Korean","<=50","2","1","Leisure",2,3,"1","2",3,"2","2","2",70,1,"1",4922,40,"9","150~200>"
"311","GMP","Korean","<=50","2","1","Business",7,1,"2","2",3,"1","2","1",42,1,"1",10000,40,"8","30~80"
"312","GMP","Korean","<=50","1","1","Leisure",7,0,"2","2",4,"2","3","2",64,2,"2",3300,20,"12","<=30"
"313","GMP","Foreign","<=50","2","2","Business",30,7,"2","2",6,"1","2","1",55,1,"1",4850,30,"3","0"
"314","GMP","Foreign","<=50","2","3","Business",99,1,"2","2",1,"2","2","1",53,1,"1",3300,20,"8","<=30"
"315","GMP","Korean","<=50","2","1","Leisure",3,7,"2","1",0,"3","1","1",45,2,"5",4850,41,"12","<=30"
"316","GMP","Korean","<=50","2","1","Leisure",3,2,"2","1",3,"3","1","1",64,2,"3",4850,5,"4","30~80"
"317","GMP","Korean","<=50","2","1","Leisure",3,7,"2","1",1,"3","1","1",45,2,"1",4850,30,"2","30~80"
"318","GMP","Korean","<=50","2","1","Leisure",3,7,"2","1",0,"3","1","1",45,2,"1",4850,30,"2","30~80"
"319","GMP","Korean","<=50","2","1","Leisure",3,7,"2","1",0,"3","1","1",45,2,"1",3300,20,"5","<=30"
"320","GMP","Korean","<=50","1","3","Leisure",10,1,"3","2",3,"2","2","1",70,1,"1",8620,60,"7","30~80"
"321","GMP","Korean","<=50","2","5","Business",3,3,"3","2",6,"2","2","1",35,1,"1",2000,25,"1","80~150"
"322","GMP","Korean","<=50","2","1","Leisure",30,0,"3","2",2,"1","2","1",33,1,"6",12000,90,"8","30~80"
"323","GMP","Korean","<=50","1","1","Leisure",4,0,"3","2",1,"2","3","1",50,1,"5",2000,40,"8","30~80"
"324","GMP","Korean","<=50","1","1","Business",100,1,"3","2",4,"1","2","1",40,1,"3",2800,4,"1","30~80"
"325","GMP","Foreign","<=50","1","1","Business",10,8,"3","2",2,"1","2","1",55,1,"1",12000,90,"2","30~80"
"326","GMP","Foreign","<=50","1","1","Leisure",6,2,"3","2",1,"3","2","1",35,1,"6",8800,7,"5","30~80"
"327","GMP","Foreign","<=50","2","1","Leisure",6,2,"3","2",1,"3","2","1",35,1,"6",8800,80,"9","30~80"
"328","GMP","Korean","<=50","2","2","Leisure",30,0,"3","2",4,"1","1","3",50,1,"5",1650,40,"12","0"
"329","GMP","Korean","<=50","2","3","Leisure",7,1,"3","2",0,"2","2","3",20,1,"6",5100,60,"2","<=30"
"330","GMP","Foreign","<=50","2","1","Business",90,0,"3","2",5,"2","2","1",50,1,"1",8620,60,"8","<=30"
"331","GMP","Korean","<=50","2","5","Leisure",3,2,"3","2",2,"3","1","1",45,1,"6",8620,30,"2","150~200>"
"332","GMP","Korean",">50","2","1","Leisure",3,13,"3","1",0,"1","2","1",48,1,"9",3000,120,"9","<=30"
"333","GMP","Korean",">50","2","1","Leisure",4,13,"3","1",1,"1","2","1",48,1,"9",3000,120,"9","<=30"
"334","GMP","Foreign","<=50","1","1","Business",5,1,"3","2",2,"2","3","1",60,1,"2",60000,30,"2","80~150"
"335","GMP","Korean","<=50","1","3","Business",3,0,"3","2",3,"2","2","1",25,2,"4",2000,30,"5","80~150"
"336","GMP","Korean","<=50","1","1","Business",9,2,"3","2",15,"1","2","2",48,1,"1",22667,30,"1","150~200>"
"337","GMP","Korean",">50","2","1","Leisure",5,2,"3","2",1,"2","2","1",20,1,"5",2000,60,"9","30~80"
"338","GMP","Korean","<=50","2","1","Leisure",21,0,"3","2",3,"2","3","1",50,2,"6",20000,150,"9","<=30"
"339","GMP","Korean",">50","2","1","Leisure",3,4,"3","2",1,"1","3","1",48,1,"5",2000,40,"9","80~150"
"340","GMP","Foreign","<=50","2","1","Leisure",4,1,"3","2",0,"2","2","1",45,1,"5",3950,40,"8","<=30"
"341","GMP","Korean",">50","2","1","Leisure",4,13,"3","1",0,"1","2","1",48,1,"1",3000,120,"9","30~80"
"342","GMP","Korean",">50","2","1","Leisure",44,2,"3","2",0,"1","2","1",53,1,"5",7400,64,"7","30~80"
"343","GMP","Korean",">50","2","1","Leisure",4,2,"3","2",0,"2","2","1",60,1,"6",6000,40,"9","<=30"
"344","GMP","Korean",">50","1","1","Leisure",4,2,"3","2",0,"2","2","1",60,1,"6",6000,40,"10","30~80"
"345","GMP","Korean",">50","1","1","Business",1,0,"3","2",30,"2","1","1",65,2,"2",7000,20,"2","150~200>"
"346","GMP","Foreign",">50","2","1","Leisure",5,2,"3","2",0,"2","2","1",32.5,1,"6",8000,50,"9","30~80"
"347","GMP","Foreign",">50","2","1","Leisure",5,1,"3","2",0,"2","2","1",45,2,"6",7400,64,"9","80~150"
"348","GMP","Foreign",">50","2","1","Leisure",5,2,"3","2",0,"2","2","1",32.5,2,"1",6025,20,"9","80~150"
"349","GMP","Korean",">50","1","1","Business",5,2,"3","2",2,"2","1","1",40,1,"6",6000,40,"2","30~80"
"350","GMP","Korean",">50","1","1","Leisure",3,5,"3","2",0,"2","2","1",50,1,"5",70,10,"2","30~80"
"351","GMP","Foreign",">50","2","1","Leisure",3,0,"3","2",3,"2","2","1",40,1,"6",10000,64,"9","30~80"
"352","GMP","Korean",">50","2","1","Leisure",4,13,"3","1",1,"1","2","1",48,1,"11",3000,120,"9","30~80"
"353","GMP","Korean","<=50","2","1","Leisure",4,4,"3","2",0,"3","1","3",60,2,"2",2200,64,"9","<=30"
"354","GMP","Korean",">50","2","1","Leisure",4,2,"3","1",1,"1","1","1",35,1,"2",10000,64,"7","80~150"
"355","GMP","Foreign",">50","1","1","Leisure",3,0,"3","2",3,"2","2","2",5,1,"5",3000,120,"11","30~80"
"356","GMP","Korean","<=50","1","2","Business",7,1,"3","2",15,"1","2","1",48,2,"2",6000,20,"1","80~150"
"357","GMP","Foreign","<=50","2","1","Leisure",4,2,"3","2",3,"2","2","1",45,1,"5",2000,25,"9","30~80"
"358","GMP","Foreign","<=50","2","1","Business",1,2,"3","2",2,"2","2","1",40,1,"1",8620,60,"3","30~80"
"359","GMP","Korean","<=50","2","1","Leisure",4,3,"3","2",2,"2","2","1",40,1,"1",12000,90,"11","30~80"
"360","GMP","Korean","<=50","2","1","Leisure",4,3,"3","1",1,"1","1","1",33,1,"1",7400,64,"9","30~80"
"361","GMP","Foreign","<=50","2","1","Business",3,4,"3","2",5,"2","2","2",45,1,"5",1100,20,"1","80~150"
"362","GMP","Korean","<=50","2","1","Leisure",3,3,"3","2",0,"3","1","1",40,1,"6",4000,40,"2","80~150"
"363","GMP","Foreign","<=50","1","1","Business",90,2,"3","2",3,"1","2","1",44,2,"4",15000,60,"12","0"
"364","GMP","Foreign","<=50","2","3","Leisure",3,2,"3","2",0,"2","2","1",40,1,"1",22667,30,"2","30~80"
"365","GMP","Korean","<=50","1","1","Business",7,2,"3","2",10,"2","2","1",36,1,"1",8620,60,"2","30~80"
"366","GMP","Korean","<=50","1","1","Business",7,2,"3","2",10,"2","2","2",36,1,"1",8620,60,"2","30~80"
"367","GMP","Foreign","<=50","2","1","Leisure",8,0,"3","2",0,"3","2","1",30,1,"1",3950,40,"8","150~200>"
"368","GMP","Korean","<=50","2","1","Business",99,0,"3","2",1,"1","2","1",37,1,"1",12000,90,"8","30~80"
"369","GMP","Foreign","<=50","1","1","Leisure",3,2,"3","2",0,"2","2","1",40,1,"1",22667,30,"6","30~80"
"370","GMP","Foreign","<=50","2","1","Leisure",10,0,"3","2",0,"1","1","1",55,1,"6",6000,60,"8","30~80"
"371","GMP","Korean","<=50","1","2","Leisure",4,5,"3","1",1,"1","2","1",35,1,"2",10000,20,"12","150~200>"
"372","GMP","Korean","<=50","1","1","Leisure",5,2,"3","2",0,"2","2","1",35,1,"6",6000,30,"8","<=30"
"373","GMP","Korean",">50","2","1","Leisure",5,13,"3","1",1,"1","2","1",48,1,"1",7400,64,"9","80~150"
"374","GMP","Korean",">50","2","1","Leisure",4,13,"3","1",0,"2","2","1",53,1,"4",15000,60,"9","80~150"
"375","GMP","Korean",">50","2","1","Leisure",2,1,"3","2",0,"2","3","1",45,1,"5",3000,120,"10","30~80"
"376","GMP","Korean","<=50","1","1","Business",90,1,"4","2",2,"1","2","1",30,1,"2",8400,80,"12","0"
"377","GMP","Korean",">50","1","1","Leisure",4,6,"4","2",1,"1","2","1",33,1,"2",11500,120,"12","30~80"
"378","GMP","Korean",">50","2","1","Leisure",4,6,"4","2",1,"1","2","1",33,2,"2",10000,20,"11","80~150"
"379","GMP","Korean","<=50","2","1","Leisure",4,6,"4","1",1,"1","2","1",33,2,"2",10000,20,"12","30~80"
"380","GMP","Korean","<=50","1","1","Business",6,0,"4","1",1,"1","2","1",33,2,"2",10000,20,"12","30~80"
"381","GMP","Foreign","<=50","1","1","Business",120,7,"5","2",6,"1","3","2",89,1,"1",25787,30,"2","150~200>"
"382","GMP","Korean",">50","2","1","Leisure",2,1,"5","2",2,"2","2","1",36,2,"8",60000,180,"11","30~80"
"383","GMP","Korean",">50","2","1","Leisure",4,4,"5","2",1,"3","1","3",60,3,"8",40000,305,"9","<=30"
"384","GMP","Korean","<=50","2","1","Leisure",4,20,"5","1",1,"2","2","1",60,1,"5",2000,50,"8","30~80"
"385","GMP","Korean","<=50","2","1","Leisure",5,0,"5","2",0,"1","2","1",48,1,"3",1150,305,"8","80~150"
"386","GMP","Korean",">50","2","1","Leisure",4,1,"6","1",0,"1","2","1",45.9,1,"1",23000,150,"9","<=30"
"387","GMP","Korean",">50","2","1","Leisure",5,20,"6","1",2,"2","2","2",60,1,"2",23000,40,"9","0"
"388","GMP","Korean",">50","1","1","Leisure",4,10,"6","1",0,"1","2","1",48,1,"1",23000,120,"10","<=30"
"389","GMP","Korean","<=50","1","1","Leisure",4,10,"6","1",0,"1","2","1",48,1,"1",23000,120,"2","30~80"
"390","GMP","Korean","<=50","2","1","Business",6,3,"6","2",2,"3","1","1",50,1,"6",23000,180,"12","30~80"
"391","GMP","Foreign",">50","1","5","Leisure",8,4,"7","2",6,"4","1","1",11,1,"6",20000,120,"1","80~150"
"392","GMP","Korean","<=50","2","1","Leisure",3,4,"7","1",0,"3","1","1",50,1,"4",15700,90,"5","30~80"
"393","GMP","Korean","<=50","2","1","Leisure",3,4,"7","1",1,"3","1","1",50,1,"6",15700,90,"7","30~80"
"394","GMP","Korean","<=50","2","1","Leisure",7,0,"8","2",4,"2","2","1",70,1,"1",28743,60,"12","150~200>"
"395","GMP","Korean",">50","2","1","Leisure",10,1,"8","2",5,"2","2","1",23,1,"2",17000,40,"9","<=30"
"396","GMP","Foreign","<=50","1","2","Business",50,0,"8","2",1,"1","3","1",30,1,"6",10000,40,"8","<=30"
"397","GMP","Foreign","<=50","2","5","Leisure",4,1,"8","2",3,"1","3","1",55,1,"3",5000,60,"8","80~150"
"398","GMP","Foreign","<=50","2","2","Leisure",5,2,"8","2",2,"1","3","1",86,1,"2",22800,60,"2","30~80"
"399","GMP","Korean",">50","2","1","Business",365,0,"8","2",2,"2","3","1",36,1,"2",20000,40,"9","0"
"400","GMP","Foreign","<=50","1","2","Business",4,0,"8","2",7,"1","3","1",87,1,"2",20600,30,"5","0"
"401","GMP","Korean","<=50","1","3","Business",4,1,"8","2",2,"2","3","1",70,1,"1",20314,90,"1","0"
"402","GMP","Foreign","<=50","2","2","Leisure",7,1,"8","2",0,"1","3","1",24,1,"5",2000,30,"2","30~80"
"403","GMP","Korean","<=50","2","1","Leisure",5,1,"8","2",5,"2","2","1",40,1,"2",23500,30,"9","80~150"
"404","GMP","Korean","<=50","1","1","Business",7,1,"8","2",1,"1","2","1",33,1,"1",28743,60,"12","0"
"405","GMP","Korean","<=50","1","5","Leisure",5,4,"8","2",5,"1","2","1",37,1,"2",14400,60,"6","0"
"406","GMP","Korean","<=50","1","1","Business",3,0,"8","2",10,"2","3","2",50,1,"2",50000,60,"5","80~150"
"407","GMP","Korean","<=50","1","1","Business",5,1,"8","2",3,"2","3","1",70,1,"8",25000,60,"2","80~150"
"408","GMP","Korean","<=50","1","3","Business",3,1,"8","2",15,"2","3","1",90,1,"2",27000,70,"1","80~150"
"409","GMP","Foreign","<=50","1","1","Business",7,4,"8","2",10,"1","3","1",78,2,"6",50300,50,"2","80~150"
"410","GMP","Korean","<=50","2","1","Business",365,0,"8","2",5,"1","2","1",48,1,"11",75000,60,"12","80~150"
"411","GMP","Korean","<=50","2","1","Leisure",4,1,"8","2",0,"2","2","1",53,1,"1",20314,40,"1","0"
"412","GMP","Foreign","<=50","1","1","Business",99,1,"8","2",5,"1","3","1",26,1,"2",23000,30,"2","80~150"
"413","GMP","Korean","<=50","2","1","Business",7,28,"8","2",12,"2","3","2",58,1,"1",20000,30,"7","150~200>"
"414","GMP","Korean",">50","1","3","Business",8,2,"8","2",2,"2","3","1",53,1,"3",10000,50,"5","80~150"
"415","GMP","Korean",">50","1","1","Business",365,1,"8","2",20,"1","2","2",100,1,"10",98000,50,"1","150~200>"
"416","GMP","Korean",">50","2","1","Business",5,0,"8","1",12,"2","2","1",19,1,"2",12000,20,"12","30~80"
"417","GMP","Foreign","<=50","1","3","Leisure",2,0,"8","2",1,"2","3","1",45,1,"5",2000,40,"2","80~150"
"418","GMP","Korean","<=50","2","3","Business",5,1,"8","2",1,"2","2","1",21,1,"6",9000,60,"2","0"
"419","GMP","Foreign","<=50","1","3","Business",30,0,"8","2",15,"2","3","1",200,1,"6",10000,180,"8","<=30"
"420","GMP","Foreign","<=50","2","2","Leisure",5,4,"8","2",1,"1","3","3",55,1,"5",3000,30,"2","0"
"421","GMP","Korean","<=50","2","1","Leisure",5,2,"8","2",2,"2","2","1",30,1,"1",15750,40,"10","30~80"
"422","GMP","Foreign","<=50","1","3","Business",3,0,"8","2",20,"2","3","1",45,1,"2",10000,30,"12","30~80"
"423","GMP","Foreign",">50","2","3","Leisure",3,2,"8","2",2,"2","3","1",40,1,"5",2000,30,"9","30~80"
"424","GMP","Korean","<=50","1","3","Business",7,0,"8","2",10,"2","3","1",18,2,"8",50000,120,"12","0"
"425","GMP","Foreign","<=50","2","2","Business",1,1,"8","2",0,"1","3","1",55,1,"2",28900,50,"2","30~80"
"426","GMP","Korean","<=50","2","4","Leisure",4,1,"8","2",0,"2","3","1",50,1,"2",15750,40,"11","<=30"
"427","GMP","Foreign","<=50","2","3","Leisure",3,2,"8","2",0,"2","3","1",40,2,"5",6650,20,"8","<=30"
"428","GMP","Foreign","<=50","2","3","Leisure",3,2,"8","2",0,"2","3","1",40,2,"5",6650,20,"8","<=30"
"429","GMP","Foreign","<=50","2","2","Leisure",6,4,"8","2",0,"1","3","1",55,1,"8",8000,180,"2","<=30"
"430","GMP","Foreign","<=50","2","2","Business",3,0,"8","2",0,"1","3","1",55,1,"8",8000,180,"2","<=30"
"431","GMP","Foreign",">50","1","3","Leisure",4,1,"8","2",1,"2","2","1",77,2,"5",1300,20,"3","30~80"
"432","GMP","Korean","<=50","1","3","Business",365,0,"8","2",2,"2","2","1",40,1,"10",15750,40,"2","30~80"
"433","GMP","Korean","<=50","1","2","Business",365,0,"8","2",10,"2","2","1",33,1,"5",28900,50,"5","80~150"
"434","GMP","Foreign","<=50","1","1","Business",7,1,"8","2",5,"1","2","1",33,1,"6",6000,180,"2","80~150"
"435","GMP","Korean","<=50","1","1","Leisure",3,4,"8","2",2,"3","1","1",39,1,"3",1100,50,"2","30~80"
"436","GMP","Foreign","<=50","2","3","Business",99,0,"8","2",2,"2","2","1",42,1,"1",15750,40,"9","30~80"
"437","GMP","Foreign","<=50","1","2","Leisure",4,3,"8","2",7,"1","3","1",20,1,"6",7000,50,"1","150~200>"
"438","GMP","Foreign","<=50","2","2","Leisure",4,3,"8","2",2,"1","3","1",20,1,"6",7000,50,"8","150~200>"
"439","GMP","Korean","<=50","1","1","Leisure",4,20,"8","1",1,"1","2","3",37,1,"3",7000,40,"6","30~80"
"440","GMP","Korean","<=50","1","2","Business",99,2,"8","2",4,"1","2","1",52,1,"2",20000,40,"8","0"
"441","GMP","Korean","<=50","2","2","Business",365,2,"8","2",2,"1","2","1",52,1,"2",20000,40,"3","30~80"
"442","GMP","Foreign","<=50","2","2","Leisure",3,3,"8","2",0,"1","3","1",55,2,"8",8000,180,"2","<=30"
"443","GMP","Foreign","<=50","2","2","Business",3,3,"8","2",0,"1","3","1",55,2,"8",8000,180,"2","<=30"
"444","GMP","Korean","<=50","1","2","Leisure",3,1,"8","2",1,"2","2","1",42,1,"5",28742,60,"8","<=30"
"445","GMP","Foreign","<=50","2","2","Leisure",4,2,"8","2",0,"1","3","1",55,2,"2",20314,10,"2","30~80"
"446","GMP","Foreign","<=50","1","3","Business",2,1,"8","2",0,"2","3","1",40,1,"2",50000,120,"2","30~80"
"447","GMP","Foreign","<=50","1","3","Business",1,1,"8","2",0,"2","3","1",40,1,"2",28900,50,"2","30~80"
"448","GMP","Foreign","<=50","1","3","Business",7,1,"8","2",1,"2","3","1",50,1,"2",28900,50,"2","0"
"449","GMP","Korean","<=50","1","3","Business",3,1,"8","2",0,"2","3","1",36,1,"2",15750,40,"2","150~200>"
"450","GMP","Korean","<=50","1","3","Leisure",2,1,"8","2",0,"2","3","1",36,1,"6",28743,60,"2","30~80"
"451","GMP","Korean","<=50","2","3","Leisure",3,1,"8","2",3,"2","3","1",36,1,"5",15750,40,"2","0"
"452","GMP","Korean","<=50","1","3","Leisure",5,1,"8","2",0,"2","2","1",53,2,"8",8000,180,"11","<=30"
"453","GMP","Foreign",">50","1","1","Leisure",365,1,"8","1",5,"2","2","1",45,1,"1",20314,15,"1","80~150"
"454","GMP","Foreign","<=50","2","3","Leisure",6,2,"8","2",2,"2","3","1",45,1,"5",15750,40,"8","80~150"
"455","GMP","Foreign","<=50","2","3","Leisure",4,1,"8","2",0,"2","3","1",45,1,"2",20314,45,"2","30~80"
"456","GMP","Foreign","<=50","2","3","Business",3,1,"8","2",3,"2","3","1",45,1,"1",28743,60,"5","30~80"
"457","GMP","Foreign","<=50","2","3","Leisure",5,2,"8","2",7,"2","3","1",45,1,"5",15750,40,"7","80~150"
"458","GMP","Foreign","<=50","2","3","Leisure",5,2,"8","2",1,"2","3","1",45,1,"5",15750,40,"9","80~150"
"459","GMP","Foreign","<=50","1","1","Business",8,3,"8","2",10,"1","3","1",62,1,"1",20314,45,"12","<=30"
"460","GMP","Foreign","<=50","2","1","Business",8,3,"8","2",6,"1","3","1",25,1,"1",20314,45,"5","80~150"
"461","GMP","Korean",">50","1","5","Business",28,1,"8","2",3,"2","3","1",53,2,"5",13013,30,"2","150~200>"
"462","GMP","Foreign",">50","1","3","Business",2,4,"8","2",15,"2","3","2",17,1,"2",30000,40,"1","150~200>"
